{
  "project_info": {
    "project_number": "964712769200",
    "project_id": "lab01-registration",
    "storage_bucket": "lab01-registration.appspot.com"
  },
  "client": [
    {
      "client_info": {
        "mobilesdk_app_id": "1:964712769200:android:74818bfb2d3439ae65bd75",
        "android_client_info": {
          "package_name": "com.example.com3025_lab1"
        }
      },
      "oauth_client": [],
      "api_key": [
        {
          "current_key": "AIzaSyBm1H0BjIiYoaqzZT4PV-IZpU_kZf2LEFA"
        }
      ],
      "services": {
        "appinvite_service": {
          "other_platform_oauth_client": []
        }
      }
    }
  ],
  "configuration_version": "1"
}